date,type,header,text,video,photo,Credit_photo/video,coordinates,coordinates_text,map_poly,map_lines,map_points,focus_point,zoom,idToShow
2022-02-23,civil,Теплий вечір перед війною,"23 лютого в Маріуполі було тепло — приблизно +15, що дивно навіть для південного міста. І незвичайно тихо. Так тихо, що аж моторошно. Можливо, відчуття тривоги, яке того вечора ширилося містом, зʼявилося не випадково. Щось дивне напередодні відбувалося в окупованому Донецьку. Тривоги, незрозумілі обстріли, примусова евакуація людей. Росіяни не займалися евакуацією 8 років війни, аж раптом… Усе свідчило, що наближається щось страшне. Але того теплого й тихого вечора про таке не хотілося думати.
На пірсі було багато людей. Вони гуляли, вдихали солоне морське повітря та закарбовували цю красу й тишу у своєму серці. Так, про всяк випадок, а раптом це востаннє…",,2402_mariupol2.jpg,,,,,,,"47.11, 37.57",12,
2022-02-23,war,Укріплення позицій,"За кілька днів до 24 лютого керівництво військових частин і правоохоронців міста не мало сумнівів щодо повномасштабного вторгнення. В ""Азові"" (тоді – Окремий загін спецпризначення (ОСЗП), тепер – штурмова бригада у складі Нацгвардії – ред.) розробили протоколи дій: особовий склад – у вищій готовності, важка техніка виїхала в район Мангуша під виглядом навчань. Патрульна поліція звела укріплення навколо своєї бази, організувала навчання з розгортання особового складу та швидкісного супроводження автоколон.",,,,,,,,,"47.11, 37.57",12,
2022-02-23,war,Перші обстріли,"На лінії зіткнення на схід від міста загострення почалося задовго до 24 лютого – 36-та ОБрМП, яка займала позиції на лінії від Піщовика до узбережжя Азовського моря, зазнавала ударів, але тримала лінію оборони.",,,,,,walls_poly.geojson,walls_line.geojson,,"47.161494856269094, 37.53698025429447",11,"1,2,3,4,5,6,7,8,9"
2022-02-24,civil,Канонада о 5-тій ранку,"О 05:00 Маріуполь здригнувся від канонади. Небо над Лівобережжям було червоне. Завили сирени, попереджаючи про повітряну тривогу, – і це виття чомусь переривалось якоюсь дивною попсовою музикою. Просто сюр, який лякав.
Як і у 2014-му, Лівобережжя й мікрорайон Східний першими потрапили під обстріли ворожої артилерії. А селища на околицях Маріуполя – Талаківка, Сартана, Старий Крим, Гнутове – прокинулися від обстрілів ще раніше, близько 04:00.",2402_east_attack.mp4,,,,,,,,"47.11, 37.57",12,
2022-02-24,war,Зіткнення біля Піщовика,"Путін завершив свою нічну промову (з 23 на 24 лютого), й за мить у Маріуполі почалися вибухи. Їх чули за 15 км на захід від міста. Першими удар прийняли морпіхи 36-ї ОБрМП на сході Маріуполя.
Ось як розповідає про той день Кирило ""Лірік"", командир взводу 36-ї ОБрМП, який був на позиції біля селища Піщовик:
– О п’ятій ранку прилетіли близько 20 снарядів з “Градів”. Перебило світло, але шкоди від них було менше, ніж від “120-х” мін напередодні. О 6:30 запрацювати міномети. Зв’язок глушили, дізнатися загальну обстановку було майже нереально. ",,,,"47.270555, 37.771671",,,,,"47.270555, 37.771671",12,
2022-02-25,war,Морпіхи відступають,"Трохи згодом почувся гуркіт важкої техніки. Нам вдалося підбити один російський танк, але цього було надто мало.
Знову запрацювали міномети, на горизонті з’явилися перші БМП-2 противника з піхотою. Одну з них ми підбили гранатометом.
Вдалося зв’язатися з командуванням – отримали команду відходити, сили мали нерівні.
Устигли взяти лише найважливіше: документи, тепловізор і “нічник”, радіостанції та прилади спостереження. Боєкомплект забрати не могли – його підпалили, разом з ним згоріла й решта речей. 
Відійшли до тилового пункту управління. Дорогою нас забрав БТР. Далі потрібно було дійти до наступної лінії оборони, поповнити боєкомплект і зайняти інші позиції.",,,,,,,,,,,
2022-02-24,civil,Маріупольці йдуть на роботу,"Важкий ранок. Кожен мав обрати для себе стратегію поведінки. І слід сказати, що більшість людей у Маріуполі обрала тактику, якій слідувала останні 8 років гібридної війни: хоч би що відбувалося – треба йти на роботу. Так було й цього разу. Заводські автобуси везли людей на комбінати, немов нічого не сталося. Бо заводи для маріупольців упродовж десятків років були острівцем стабільності та зрозумілості. Хоч би що відбувалося – сталь вариться. Навіть під час Другої світової війни так було. Але не зараз.
Уже першого дня війни керівництво комбінату імені Ілліча та ""Азовсталі"" ухвалило рішення призупинити виробництво. Спочатку це була ""гаряча"" зупинка, що давала змогу швидко перезапустити виробництво. Але невдовзі стало зрозуміло, що треба зупиняти металургійні печі. Почалася війна.",,,,,,,,,"47.11, 37.57",12,
2022-02-24,war,Аеропорт,"Водночас теж о 6:30 бійці ОЗСП “АЗОВ” на базах у Юр’ївці та Урзуфі завантажили зброю й колонами рушили до Маріуполя. 
Частина танків “АЗОВа” заїхала на територію Міжнародного аеропорту Маріуполя, де після закриття у 2014 році було створено базу оборонців міста. 


",,,,"47.077161, 37.462718","Маріупольський аеропорт, база оборонців міста",,sectors_line.geojson,,"47.11, 37.57",11,"1,2,3,4"
2022-02-24,war,Чотири сектори оборони,"– 21–22 лютого місто поділили на чотири сектори, – розповідає Давід Касаткін, лейтенант 2-го батальону ОЗСП “АЗОВ”. – За два з них відповідали наші 1-й і 2-й батальони. Ми з командиром мого батальону Микитою Надточієм їздили по підрозділах, підпорядкованих нам у рамках сектору оборони, щоб зібрати інформацію про кількість людей і зброї.
У прикордонній службі нам не відповіли – сказали, немає наказу керівництва.
Зранку 23 лютого мене відправили в аеропорт до штабу протидесантної оборони. Там був його керівник – полковник, а також оперативники від різних військових підрозділів. Я на цій зустрічі представляв ""АЗОВ"". У мене в підпорядкуванні була рота та група швидкого реагування з 40 бійців, призначена для висування в місця десантування або проривів.",,,,,,sectors_poly.geojson,,,,,
2022-02-24,war,Ворожі судна в морі. Шок і паніка,"– 24 лютого о 04:00 ми побачили на дисплеї, що з боку Єйська Азовським морем до Маріуполя рушили два величезні судна, –  продовжує Давід Касаткін з “АЗОВа”. – Полковник натис на кнопку тривоги та скомандував мінувати акваторію й висуватися в район зосередження. Усі оперативники віддали відповідні накази своїм підрозділам.
“Азовці” мали чекати на накази в домовленому місці. В інших підрозділах почалася паніка. Одна жінка просто питала: ""Що мені робити? Що мені робити?"". 
Люди, які досі не брали участі в бойових діях, були шокованими. Судна з Єйська маневрували в морі. ",,,,"46.90484, 37.87134","В морі помічені ворожі судна, що рухалися з  напрямку Єйська",,,,"46.90484, 37.87134",14,
2022-02-24,war,Обстріл аеропорту,"— Близько 09:00 по маріупольському аеропорту почала бити авіація й корабельна артилерія. Полковник, який керував штабом оборони в аеропорту, кудись зник, як і всі “оперативники”, після першого ж обстрілу.

“Редіс” (Денис Прокопенко), якому я доповів, наказав повертати всіх на місця. Я виявив їх надворі в бліндажі, — пригадує Давід Касаткін з ""Азова"". —  Заспокоїв, розповів, що авіація вдарила далеко, а корабельна артилерія не влучила. Повернулися двоє людей. Один з них – хлопець, який відповідав за контроль переміщення суден у морі. Я взяв на себе координацію й командування.
",,,,"47.077161, 37.462718","Маріупольський аеропорт, база оборонців міста",,,,"47.11, 37.57",12,
2022-02-24,war,Відповідальні за оборону зникали один за одним,"Ближче до обіду повернувся полковник. Проте зникла жінка, відповідальна за моніторинг авіапростору. Вона виїхала до Запоріжжя. 
Замість неї нікого не було. Стало зрозуміло, що ми не знатимемо, де висадиться ворожий десант. 
Тому вирішили перекрити дороги на Маріуполь, а також ту, що вела в місто з боку узбережжя до аеропорту. Сподівалися, що в разі висадки зможемо зустріти десант хоча б на його шляху. Нашу роту з 40 бійців розділили навпіл. 
",,,,"47.077161, 37.462719","Маріупольський аеропорт, база оборонців міста","намалювати дорогу, що веде з аеропорту до маріуполя?",,,,,
2022-02-24,war,,"Під вечір полковник переконував відступати до Маріуполя. Але наказу залишати аеропорт не було.
Полковник пішов на перекур і поїхав. Я доповів “Редісу”. Той спочатку не повірив, але хвилин за 20 передзвонив зі словами “Він не повернеться”. 
В аеропорту залишилася документація, ноутбуки й радіостанції. Ми все зібрали й уже за наказом виїхали до Маріуполя.",,,,,,,,,,,
2022-02-24,war,Українці формують окремий батальйон тероборони,"Під керівництвом командира 109-ї ОБрТрО майора Дмитра Стебліна було сформовано окремий батальйон тероборони – 107-й ОБТрО. 24 лютого бійців зібрали в покинутому навчальному закладі на Лівому березі.

– Наступного дня ввечері прийшла команда виїздити до пункту дислокації Нацгвардії, де ми отримали бронежилети та кевларові шоломи, – розповідає Олександр Кінякін, один з новобранців. ",,,,"47.105497, 37.560632",Розташування бази ТРО в Маріуполі у перші дні війни,,,,"47.105497, 37.560632",13,
2022-02-24,war,Ракетний удар по позиціях української ППО,"Неподалік аеропорту, на захід від Маріуполя, росіяни ракетним ударом знищили РЛС 5Н84А ""Оборона"", яка належала 164-й радіотехнічній бригаді ППО (в/ч 2109). Після удару підрозділ евакуювався (найімовірніше — в напрямку Запоріжжя). Також два удари було завдано по позиціях дивізіону 301-го зенітно-ракетного полку. Під час другого удару, о 09:00, загинув сержант Олег Ясковець. 
За словами підполковника 301-ї ЗРП Олександра Даниленка, перший удар було завдано о 05:00, після чого дивізіон почали готувати до евакуації.  Пізніше С-300, що залишала Маріуполь, було помічено на дорозі біля західної межі міста.",,2402rls_ukr2.jpg,,,"Розташування української РЛС, розбитої ворогом,

        
На західній околиці міста помічено систему ППО С300, яка залишала місто",,,,"47.11, 37.57",12,
2022-02-24,war,Ворожий десант,Того самого дня за 70 км на захід від Маріуполя висадився російський морський десант.,,,,"46.83903, 36.94322",Приблизне місце висадки російського десанту,,,,"46.83903, 36.94322",11,
2022-02-24,war,,Близько 30 БТР з трьох десантних кораблів (810 ОБрМП). Однак бойових зіткнень в ними не було.,02_desant.mp4,,,,,,,,"47.11, 37.57",12,
2022-02-24,war,Морський порт. Підготовка до оборони,"У морському порту базувалися кораблі 9-го ДнНК (9-й дивізіон надводних кораблів) та 23-го ЗМО (Маріупольський загін морської оборони): кілька броньованих катерів і прикордонний сторожовий корабель “Донбас” BG-32. 
— Ми патрулювали в морі ще за тиждень до 24 лютого й там зустріли перші обстріли, – згадує Віктор Шапошников, матрос малого броньованого артилерійського катера ""Кременчук"". — Повернулися до порту, замінували фарватер і Нові ворота (один з двох входів до акваторії порту) 160-кілограмовими якірними мінами, нам привезли 32 штуки зі складу в Очакові.

",,,Корабель 9 ДнНК (9 дивізіону надводних кораблів),"47.055475, 37.505733",Морський порт Маріуполя,,,port_points.geojson,"47.11, 37.57",12,
2022-02-24,war,Замінований пляж,"Нацгвардійці замінували пляж ""Піщанка"", що межує з портом. Пізніше приїхали ""азовці"" з БТРом і протитанковими засобами. Разом організували спостережні пункти. 

З ""Донбасу"" зняли кулемети ДШК і встановили їх на позиціях. Передали боєкомплект з гармат катерів екіпажу БТР ""Азов"" (у бойових модулях БТР та катерів встановлено ту саму модель гармати).",,donbas23ZMO_port.jpg,,,,port_poly.geojson,,,,,
2022-02-24,war,Хто був у порту,"У Маріупольському загоні морської охорони з особового складу було 500 –550 осіб, з яких 200 – жінки. 
Зважаючи на те, що найпотужнішою зброєю плавзасобів 23 ЗМО були 30-мм гармати, керівництво загону вирішило відмовитися виходити в море, заповнене ворожими кораблями під прикриттям авіації.
 
З одного катера зняли радіолокаційну станцію (РЛС), яку перенесли до доку й підключили до акумулятора: щоб бачити переміщення ворога в акваторії Азовського моря, дані йшли до штабу оборони міста. 

У порту на 24 лютого перебували також два окремі взводи по семеро бійців (бердянський і маріупольський) протидиверсійного загону (801 ОЗБ ПДСЗ). Маріупольський взвод того дня залишив місто в повному складі, з бердянського залишились двоє осіб.
",,,Кораблі 23 ЗМО (Маріупольського загону морської оборони),"47.055475, 37.505733",Морський порт Маріуполя,port_poly.geojson,,port_points.geojson,"47.11, 37.57",12,
2022-02-25,civil,Порожні евакуаційні поїзди,"Маріуполь ще жив вірою в непереможність української армії. Вісім років містянам розповідали про три лінії оборони, посилений захист, бойові підрозділи з великим досвідом. Мер Маріуполя Вадим Бойченко теж закликав людей зберігати спокій і довіряти військовим. Люди і довіряли. Тому евакуаційні потяги на Західну Україну, які призначила Укрзалізниця, йшли з Маріуполя порожніми. Не користалась попитом і ініціатива «Все буде добре», яка пропонувала маріупольцям допомогу в евакуації.
Містяни воліли залишатись в місті попри вибухи і повітряні тривоги. Хтось вірив російській пропаганді, яка запевняла, ще все це – лише на три дні, а потім буде мир, весна, Росія. Хтось думав, що буде як в 2014 році – постріляють і на околицях міста зупиняться.",,,,,,,,,"47.11, 37.57",12,
2022-02-25,war,Шлях на Маріуполь із заходу відкритий для росіян ,"«На другий день, після захоплення Мелітополя, стала зрозуміла швидкість просування ворога, – каже Богдан Кротевич, майор, начальник штабу ОЗСП «АЗОВ». – Ми очікували висадки на ділянці узбережжя Азовського моря від Маріуполя до Юр’ївки, де ми несли чергування з протидесантної оборони, але її не сталося. 

",,,,,,,,,"47.11, 37.57",11,
2022-02-25,war,Підірвані мости,"Ми зрозуміли, що маємо ще трішки часу. Я зібрав командирів групи розвідки спецпризначення та командирів снайперської групи спецпризначення, щоб спланувати диверсію і зупинити колони, які рухалися у наш бік. Ми планували зустріти їх перед входом до Мангуша – висунулись туди, замінували мости, встановили протитанкові засоби. 

В нас снайперська група спецпризначення та група розвідки спеціального призначення – це два різні підрозділи, але вони вміють все. Це й протитанковий резерв, це й розвідники, це й диверсанти, це й снайпери. Я керував ними безпосередньо на місці, коли командир ОЗСП “АЗОВ” наказав повернутися до Маріуполя. 
Ми підірвали мости біля Мангуша і Старої Ялти та відійшли до міста».",,,,"47.082078, 37.181824

",Підірваний міст поблизу Мангуша,,,,,,
2022-02-25,civil,"Потреби зростають, ресурси тануть","Містяни ринулись в торгові центри і почали скуповувати їжу.
Дуже швидко на полицях не залишилось ніякої тушонки, а потім і все інше тривалого зберігання зникло. Вода, сірники, туалетний папір… Загалом стандартний набір, який люди купують в разі, якщо насувається будь-яка загроза.
Міська влада тим часом почала надолужувати втрачений час, роблячи те, що не зробила напередодні війни: екстрено закуповувала воду і їжу. Все це вигрібалось на складах оптових мегамаркетів і складалося на території КП «Комунальник» та Центрального ринку.

",,,shop_25.02.jpeg,,,,,,"47.101955482872434, 37.502292687150955",12,
2022-02-25,civil,"Волонтерський хаб у ""Халабуді""","Центром громадської активності став вільний простір «Халабуда», який очолює Дмитро Чичера. Десятки людей приїздили туди і пропонували допомогу. Справ було дуже багато. Допомога пораненим, евакуація родин зі Східного, Сартани. Забезпечення потреб територіальної оборони.
За підтримки муніципалітету почали готувати коктейлі Молотова. Готуватись до захисту міста.
Все змінювалося стрімко.",,,,"47.10136, 37.55051","Вільний простір ""Халабуда"" став волонтерським хабом",,,,,,
2022-02-26,civil,Десятки поранених цивільних,"26 лютого Маріуполь мав уже 58 поранених цивільних. Даних по пораненим військовим навіть ніхто не оприлюднював.
Лікарні не встигали оперувати. Скасували усі планові операції. Поліклініки перетворювались на стаціонари.
Ситуація ставала критичною. Через обстріли то тут, то там зникало світло. Комунальні служби намагались оперативно ремонтувати, відновлювати, але обстріли посилювались, і робити це ставало все складніше.
",,,,,,,,,"47.11, 37.57",12,
2022-02-26,civil,Патрулі тероборони в центрі,"
Приблизно тридцять тероборонців патрулює перехрестя проспектів Миру та Металургів (центральне перехрестя міста).
- Вдень ми просили перехожих обережно переходити через дорогу (підземний перехід було закрито), а вночі зупиняли порушників комендантської години, перевіряючи документи та телефони, - розповідає Олександр Кінякін, один з бійців тероборони.  - Затримали чоловіка із фотографіями військових об’єктів у телефоні, і ще одного, який був корегувальником – у його телефоні залишилась переписка із куратором. Їх передали патрульним. Кілька разів приїздили морпіхи і патрульні - щоб запобігти мародерству.
Підходили маріупольці, приносили шоколадки, їжу, телефонні картки, просили триматись. Один хлопець приніс каструлю борщу. Його вилили під ялинку, був наказ вживати виключно фабричну запаковану їжу.",,,,,,,,,,,
2022-02-26,war,Усвідомлення майбутнього оточення,"26 лютого штабу оборони міста стає зрозуміло, що доведеться 
вести бої у повному оточенні. Зранку командир ОЗСП «АЗОВ» 
Денис Прокопенко записує відеозвернення, у якому обіцяє 
знищувати росіян: “Полк “АЗОВ” разом із Збройними силами 
України, Нацгвардією та іншими силовими структурами 
надійно обороняє місто Маріуполь. Ми будемо битися до останньої 
краплі крові.”",2602_redis.mp4,,,,,walls_poly.geojson,walls_line.geojson,,"47.11, 37.57",11,
2022-02-26,civil,Хліб закінчився,"Тим часом в магазинах різко підскочили ціни на хліб. А все через борошно, яке з 24 лютого у місто ніхто не завозив. На деякі сорти хліба ціни підскочили до 100 грн за кг. Владі та силовим структурам довелось досить жорстко розмовляти з власниками торгових центрів, щоб стримати ціни.
Але це допомогло ненадовго. Бо з’ясувалось, що хліб просто вже нема з чого випікати. І тоді на допомогу прийшла компанія «Харвист», яка віддала свої запаси зерна місту. Треба було швидко шукати можливості то зерно перемолоти. Волонтери взялись за зовсім незвичну для себе справу – випікати хліб. «Де взяти дріжджі?» - ось такий незвичний заклик лунав в той час соцмережами. Без дріжджів хліб виходив плоский і не дуже смачний. Та для багатьох людей, яких той хліб рятував від голоду, він був, мабуть, найсмачнішим в житті.",,2602_0629.jpg,Вартість хліба в одному з маріупольських магазинів у перші дні війни,,,,,,"47.11, 37.57",12,
2022-02-26,war,Кільце звужується,"Тривають артобстріли міста та навколишніх сіл - двічі обстріляно Сартану.  Морпіхи під вогнем відходять з Павлополя та Піщовика, зупинившись у селищі Гнутове (10 км до міста), але набагато гірші наслідки для гарнізону мав прорив ворогом лінії оборони ЗСУ біля селища Анадоль.",,,,,,proryv_poly.geojson,proryv_arrow.geojson,proryv_points.geojson,"47.11, 37.57",11,
2022-02-26,civil,Авіаудари по Сартані. Усвідомлення катастрофи,"Окрім хліба, постала проблема, куди розселяти мешканців Сартани. Починаючи з 24 лютого, щодня в селище навідувався російський винищувач. Спочатку він був дуже обережним. Скине бомбу і тікає до Єйську. Але коли зрозумів, що ніякого ППО над Маріуполем немає, і авіації немає, став страшним господарем маріупольського неба. Спочатку знищив Сартану, а потім став літати на місто.
Від Сартани мало що залишилось вже у перші дні війни. І люди, яким пощастило вижити в тій страшні м’ясорубці, не мали, де притулитись. Їх розселяли в Маріуполі. І це теж виклик, бо місто, як і країна не готувалось до такого розвитку подій.
Але дуже скоро стало зрозуміло, що і в Маріуполі немає безпечного місця, де можна було б укритись.",,,,,,,,,"47.11, 37.57",12,
2022-02-26,war,"""Азовці"" знищують ворожу техніку","Підрозділ ОЗСП «АЗОВ» під керівництвом Кирило Беркаля «Кірта» знищує три БМП-3 на в’їзді до міста, навпроти заводу «Ілліча».",03_AZOV_BMP3.mp4,,,"47.219131, 37.531525",,districts.geojson,,,"47.11, 37.57",12,1
2022-02-26,civil,Мародерство,"Приблизно 26 лютого містом стали поширюватись чутки, що з торгового центру «Метро» і «ПортСіті» виїхало керівництво, що центри відкриті, і можна приходити брати що завгодно. Почалося мародерство. Люди потягнулись туди, але на вході їх зустріла патрульна поліція. Вони відкрили вогонь у повітря, попередили, що будуть стріляти на ураження згідно до закону про воєнний стан. І натовп розбігся хто куди. Але через декілька годин люди повернулись знову. Виставляти ж охорону на постійній основі біля кожного магазину у патрульки вже не могла. 
Тож в місті почався грабіж. Спочатку люди брали тільки їжу, але дуже швидко стали гребти телевізори, сумки, телефони, годинники, навіть чохли для телефонів – все. Дуже швидко «ПортСіті» виглядав розбомбленим ще до бомбардування. Дивно було дивитись на людей, що тягнули до дому телевізор, яким так і не змогли скористатись – зникла електрика.",,"2shop_25.02.jpg



","Порожні полиці у хлібному відділі одному з маріупольських магазинів. Фото: Радіо ""Свобода""",,,,,,"47.11, 37.57",12,
2022-02-26,war,Ворог наближається з заходу,"Велику колону росіян помічено вже у Селищі Осипенко, на відстані 60 км від Маріуполя.",,,,"46.938539, 36.831261",,,,,"47.11, 37.57",11,
2022-02-26,war,,Про це свідчать очевидці.,2602_berdroad.mp4,,,"46.938539, 36.831261",,,,,"47.11, 37.57",12,
2022-02-27,civil,Місто зачиняється. Страх і порожнеча,"Місцеві жителі, що намагалися вирватись з міста, зустрічали на дорогах за містом вже російську, а не українську військову техніку. Дехто потрапив під обстріли. Ставало зрозуміло, що місто зачиняється.
Страх ширився Маріуполем, а разом з ним – відчуття порожнечі. В цей час в місті вже не було підрозділів Національної поліції, СБУ, судів. Ситуацію в місті контролювали військові, невеликі сили патрульної поліції та комунальні служби. Мер міста Вадим Бойченко виїхав з Маріуполя і керував із створеного в Запоріжжі штабу. У місті працював його заступник Михайло Когут. Але в останні дні лютого було все складніше бодай щось контролювати.
Кількість обстрілів збільшувалась. Ворог накривав артилерійським вогнем не окремі квартали на околицях, а фактично всі райони Маріуполя. Магазини спорожніли. Ті, хто 24 лютого не стояли в чергах за їжею, тепер про це сильно пошкодували.   

Пожежники продовжують їздити містом і гасити полум'я в будинках. Проте їхня робота через постійне зростання кількості обстрілів стає смертельно небезпечною, снаряди рвуться поруч із пожежними машинами. ",empty_stores.mp4,,,,,,,,"47.11, 37.57",12,
2022-02-27,war,Росіяни наступають зі сходу і заходу,"27 лютого Сартана, Старий Крим, Гнутово захоплені російською армією. А з іншого боку Маріуполя тривали бої за Волноваху. В Мангуш після нетривалих обстрілів увійшли російські війська, це в 10 км від Маріуполя. 

Вночі ДРГ ОЗСП “АЗОВ” підриває техніку росіян в районі об’їзної дороги Мелітополя. 

",,,,,,тут би стрілками показати шляхи наступів чи полігони із захопленими місцями ,,,"47.11, 37.57",12,
2022-02-27,war,Чотири КрАЗи боєприпасів,"Було очевидно, що боєприпасів не вистачить, щоб тримати облогу, тому ""азовці"" відправляють чотири КрАЗи за підтримки снайперської групи спецпризначення до Розівки (Запорізька область, 50 км на північний схід від Маріуполя), на склади сектору Південь. 

«Там був величезний склад з боєкомплектом на випадок війни, – розповідає Сергій Цісарук «Мольфар», начальник зв’язку «АЗОВу». – Але все треба було вантажити вручну. Артилеристи поїхали до Розівки під прикриттям снайперської групи. Вже на виїзді зіткнулися з передовою групою противника."" 
Машинам вдалось повернутися до Маріуполя буквально в останню мить перед заходом ворога. Це був останній боєкомплект, завезений до Маріуполя. Чотири КрАЗи. Їх вистачило на пів години бою. А в місті жодних складів не було. ",,,,,,,,,,,
2022-02-27,civil,Евакуація поранених,"Вдень 27 лютого на перехрестя проспекту Бойка та вулиці Карпінського прилетіли кілька гелікоптерів Мі-8, які евакуювали поранених цивільних та військових. ",,,,"47.140719, 37.563207","Перехрестя проспекту Бойка та вулиці Карпінського, звідки відбувалася евакуація",,,,"47.11, 37.57",12,
2022-02-27,civil,,"Цей епізод став відомим завдяки відео парамедикині Юлії Паєвської ( “Тайри”), яка пізніше потрапила у полон, але встигла передати журналістам картку із матеріалом.",2702_taira.mov,,,,,,,,"47.11, 37.57",12,
2022-02-27,civil,Смерть дитини ,"В міській лікарні помирає 6-річна дівчинка, що отримала смертельні поранення внаслідок російських артилерійських обстрілів.  ",,2702_divchynka.jpg,Фото Євгена Малолєтки,"47.1111, 37.51175","Міська лікарня, де померла від поранень 6-річна дівчинка",,,,"47.11, 37.57",12,
2022-02-27,war,Бій на аглофабриці,"З боку селища Анадоль на півночі наближаються російські танки. 
“До знаку “Сталевар” навпроти аглофабрики заводу “Ілліча” під’їхали російські Т-80 і зупинились, – розповідає Кирило Беркаль «Кірт», із ОЗСП “АЗОВ”. – Наші снайпери відігнали екіпажі, намагалися ті танки знищити, але в нас було лише два несправні танки, які хлопці якось полагодили та завели. Ворога хіба трохи злякали. Він зупинився.
",,2602_aglo.jpg,,"47.203808, 37.539277",,,,,"47.11, 37.57",11,
,war,,"Вночі до “похмурої” фортеці аглофабрики під’їхала величезна кількість ворожої техніки, в мене було враження, що там зібралась вся 150 МСД. Але в атаку не пішли, почасти тому, що ми замінували підходи.
Правда, в нас було лише 10 бойових протитанкових мін і ще з чотири десятки учбових, які ми змогли знайти на складах, а потім рендомно змішали з бойовими. Ворог, провівши аеророзвідку, знаючи про втрату своїх БМП та про наявність у нас танків, спрямував основні сили в обхід через Старий Крим, а Македонівку зайняв батальон “ДНР”. Це ми вже потім дізнались по картах, які знайшли у вбитого російського генерала (заступник командувача 41-ї загальновійськової армії Центрального військового округу генерал-майора Андрія Суховецького знищили піхотинці ОЗСП “АЗОВ” на території аглофабрики 28 лютого).",,2602_aglo.jpg,,,,,,,,,
2022-02-28,civil,Зникнення світла й води,"

28 лютого Маріуполь залишився без світла. Разом зі світлом зникла і вода. Російська армія перебила високовольтні лінії, енерговходи у місто. Діяла чітко по координатах. Зараз Служба безпеки України почала називати імена людей, які коригували російський ворожий вогонь. А тоді всі шукали диверсійні групи, полювали на тих, хто залишає мітки для наведення арти і сподівались, що це вбереже їхні будинки.",,,,,,,,,"47.11, 37.57",11,
2022-02-28,war,Обстріли з Тополиного,"В першій половині дня танк та три БТР росіян пройшли від Кременівки до об’їзної дороги Нікольського, однак в Нікольське, де базувався підрозділ Сил оборони, ворог не заходить, трасу Маріуполь - Запоріжжя не блокує, сховавшись у яру поблизу селища Тополине.
Ввечері до Тополиного з боку Кременівки заходить колона з десятків одиниць техніки - танків, БТР, вантажівок, самохідної артилерії та БМ-21 Град. Артилерія розсереджується по посадках безпосередньо поруч із селом і на світанку 1 березня починає обстрілювати Маріуполь - протягом наступного місяця залпи з Тополиного починались приблизно о 6 ранку і не вщухали до темряви.",,,,"47.226017, 37.363861",,topolyne_poly.geojson,topolyne_arrows.geojson,topolyne_points.geojson,"47.11, 37.57",11,
2022-02-28,war,Блокпост у Гнутовому,"Ворог проходить Гнутове, але зупиняється перед Сартаною, де українці підірвали автомобільний міст через Кальміус. 
Кирило «Лірік», командир взводу морпіхів (36 ОБрМП) розповідає, про те, як залишили Гнутове:
«Був один момент, коли ми стояли у Гнутовому. Мені зараз сумно, що тоді не прийняв рішення самостійно. Мене поставили дивитися в якесь поле, а дорогу толком ніхто не перекрив. Кажу: «Давайте поставимо мій БТР до дороги, щоб ми її проглядали». На що мені відповіли: «Ні, стій у полі, дивись у поле».
",,,,"47.242072, 37.790898",Блокпост у Гнутовому,,,,"47.11, 37.57",12,
2022-03-01,war,"""Спостерігай!""","Вранці, коли почалась артпідготовка, мене із групою відправили до дороги, глянути, що там відбувається. Біля дороги ми в 400 метрах побачили більше десятка росіян, які йшли зі зброєю на грудях. 
Передаю командиру, у відповідь знову: «Ну добре, спостерігай». Навіть після доповіді про те, що їде перша дозорна БМП росіян, і потім ще три, дозволу застосувати десант і БТР я не отримав. Пізніше це «добре, спостерігай» стало локальним мемом нашої оборонної операції”. 
",hnutove.mp4,,,,,,,,,,
2022-03-01,war,Втрачений шанс,"Підрозділ “Ліріка” мав команду підірвати міст, але це не вдалося – відсиріли запали у боєприпасів.
Потім вони отримали команду триматися, доки прийде підмога, але її не дочекалися. Врешті їм довелося відступити.
“Лірік” впевнений, що мав шанси знищити мінімум два ворожих БМП, можливо, навіть відбити атаку, якби прийняв рішення самостійно, виходячи із ситуації.
“Але це не камінь в чийсь город, – додає він. – Просто ситуацію була дуже складною, люди не встигали приймати рішення”.",2802_gnutove.MOV,,,,,,,,,,
2022-02-28,war,Українські бійці залишають Гнутове,"Дорогою вони втратили три танки, один БТР, одну БМП. Два танки просто на дорозі у Гнутовому підбили пострілами у задню частину. Ще один танк залишився стояти в десяти метрах від дороги. Фото і відео з цими машинами опублікували майже всі російські пропагандисти.",,,Підбиті українські танки поблизу Гнутового,"47.212800, 37.754399
",,,,,"47.11, 37.57",12,
2022-02-28,war,Знищення російського генерал-майора,"28 лютого бійці «АЗОВа», вирушили в розвідку в сіру зону північніше аглофабрики, побачивши сліди групи ворога на території комбінату, почали його відстежувати. Приблизно через годину вони зустріли і знищили шістьох росіян, підловивши їх біля однієї з будівель. Потім знешкодили ще 15, серед яких був згаданий вище заступник командувача 41-ї загальновійськової армії Центрального військового округу генерал-майор Андрій Суховецький. 
Він помер від поранення у легені, хоча азовці намагалися його реанімувати, як цінного полоненого. 
Пізніше вони знищили ще одну, більш досвідчену ворожу групу, яка, очевидно підійшла на пошуки зниклого генерала. Азовцям також вдалося полонити російського снайпера.",,suchov.jpg,,"47.210292, 37.560121",,,,,"47.11, 37.57",12,
2022-03-01,civil,Світла не буде,"Всю ніч на 1 березня енергетики намагалися відновити електропостачання у місті. І вранці навіть мали певні успіхи.
Але вранці росіяни знову завдали ракетних ударів по критичній інфраструктурі міста. Після цього відновити електрику було вже неможливо.

",,,,,,,,,"47.11, 37.57",12,
2022-03-01,war,"""Морпіхи сказали евакуюватися з Сартани""","– В ніч на перше березня мене розбудила сусідка, попередивши, що біля будинку ходять військові, – розповідає Наталя Козуб, яка мешкала на околиці Сартани. Її син служив в ОЗСП “АЗОВ”, а чоловік - у 503 ОБМП.
 – Я, маючи досвід Сніжного 2014-го року, спала вдягненою і одразу вийшла на вулицю, де побачила наших морпіхів – молодих хлопців із синім скотчем на одязі, які приїхали на Humvee. Вони сказали будити інших сусідів і всім разом їхати у глибину міста, бо ворог витиснув їх з Сартани і тепер можуть початись бої у нашому районі”. 
Наталя віддала морпіхам бронежилети, каски, карімати, розгрузки та інше спорядження з припасів її сина і чоловіка. Вона виїхала, а морпіхи зайняли її будинок.",,Kozub_son.jpg,Наталія Козуб з сином,,,,,,,,
2022-03-01,war,"""Зведені загони"" оборони","Після відходу підрозділів 36 ОБрМП з району Піщовика втримання лінії оборонив 7 кілометрах на схід від міста втрачає сенс через майже 100-відсоткову гарантію оточення – оборонці Маріуполя закріпляються на сході та північному сході міста, у 2,5 км від селища Сартана. 
",,,,"47.165659, 37.648187",Позиції оборонців після відкходу з Сартани,,,,"47.11, 37.57",12,
2022-03-01,war,Сектори оборони,"На цей час місто умовно ділилось на сектори оборони, але не було жодного сектору, контрольованого конкретним підрозділом – левова частина діючих груп були «зведеними загонами». Єдиним відносно монолітним підрозділом, закріпленим за своїм сектором, був перший батальон ОЗСП «АЗОВ», хоча з ними також були представники інших частин (мікрорайон “Східний” разом із азовцями втримував 74-й окремий розвідувальний батальон зі своєю бронетехнікою). Тому на схемі секторів ми показуємо лише ключові підрозділи, які ці сектори контролювали.

ОЗСП «АЗОВ» веде бої у селищі Старий Крим, через який ворог намагається увійти до Кальміуського району міста.",,,,,,districts.geojson,,,,,
2022-03-04,civil,Убито сотні цивільних,"У місті внаслідок обстрілів вбито сотні мирних мешканців, вони лежать просто на вулицях, збирати і ховати тіла немає кому. Знищено багато об’єктів інфраструктури. Спроби евакуації цивільного населення зриваються через постійний артилерійський вогонь.",,0303epicentr.jpg,"Ранок 3 березня. Наслідки 17-23 мікрорайонів, вулиці Купріна, торгівельних центрів ""Епіцентр"", ""Сільпо""","47.09799, 37.50302",,,,,"47.11, 37.57",12,
2022-03-04,war,Українські бійці залишили аеропорт,"Тривають важкі бої на підступах до Маріуполя, в першу чергу – на півночі та сході. Українські бійці залишають аеропорт, який протягом восьми років був однією з головних баз сил захисту міста.
На південному заході 4 березня в місто також заходить кілька ворожих танків, але без підтримки піхоти – вони хаотично їздять в районі Черьомушек, обстрілюючи будинки. Один з танків, збивши стовп ЛЕП, заплутався у дротах, екіпаж втік. Оборонці швидко відновили контроль над цим районом. 

У місті внаслідок обстрілів вбито сотні цивільних, знищено багато об’єктів інфраструктури. Спроби евакуації цивільного населення зриваються через постійний артилерійський вогонь.",,,,"47.064579,37.474683",,,,,"47.11, 37.57",12,
2022-03-06,war,Бій на цегляному заводі,"Напередодні сили оборони відступили з цегляного заводу на околиці міста, впустивши туди батальйонно-тактичну групу ворога (належала до 102-го полку 150 МСД). Танкісти «АЗОВу» з пагорбу за територією завдали артилерійського удару по росіянах, знищивши танк і БМП та пошкодивши ще кілька бойових машин у промзоні заводу. 
Після цього на позиції зайшла піхота за підтримки двох Т-64Б1М полку «АЗОВ» та одного або двох Т-80 36-ї ОБрМП. Їм вдалося захопити два Т-72Б3 (пізніше Денис Прокопенко опублікував фото на фоні цих машин). ",,photo_2023-03-01_22-36-09.jpg,,,,,,,"47.11, 37.57",12,
2022-03-06,war,,"Після операції наші сили відійшли, а ще за день опублікували відео із росіянами, які збирали трупи на території заводу. 
Поміж населеними пунктами Мангуш та Нікольське ворожа ДРГ атакувала українську колону, в якій їхали два «Урагани» та кілька автомобілів батальйону «Айдар». Автомобілі знищили, системи залпового вогню захопив ворог. Один боєць «Айдару» потрапив у полон, отримавши важке поранення під час бою.",,,,"47.085662, 37.489579",Цегляний завод,,,,,,
2022-03-07,civil,Сподівання на евакуацію,"Цивільні збираються біля драмтеатру. Саме тут мали формуватись евакуаційні колони, і саме тут розпитували поліцію, що і як робити. В умовах відсутності зв’язку тут спілкувалися, дізнавалися новини та зустрічалися із знайомими та родичами. У драмтеатрі, як і в деяких інших місцях, завдяки самоорганізації діяв пункт обігріву та харчування.",,,,,,,,,"47.11, 37.57",12,
2022-03-07,war,"Ворожа піхота поблизу ""Східного""","Ворогу не вдається пробити оборону на мікрорайоні “Східний”, проте окремі групи проходять на завод «Сателіт» (на 1 км північніше Східного). Тим часом через селище Виноградне вздовж моря на східну межу міста заходить ворожа піхота і бронетехніка, охоплюючи мікрорайон Східний з півдня.",satelite_short.mp4,,,"47.132262, 37.672513

",завод Сателіт,districts.geojson,,,"47.11, 37.57",12,
2022-03-08,war,Бій у Покровському,"Росіяни продовжують намацувати слабкі місця в обороні міста, проте захисники продовжують відбиватися. 
Показовий епізод – бій у Покровському, на південно-західній околиці Маріуполя. Український БТР-4 ""Буцефал"" полку ""АЗОВ""  знищує БМП-1 та танк Т-72Б3 окупантів, потім піхота зачищає вулиці, знищуючи тих, хто уцілів.
Пізніше цього дня саме через Покровське росіяни намагались увійти в місто величезною колоною під час припинення вогню та організації зеленого коридору. 
",,,,"47.045756, 37.476584","Місце, де відбувався бій у Покровському",districts.geojson,,,"47.11, 37.57",12,
2022-03-09,civil,Росіяни вдарили по лікарні й пологовому,"Один з найтрагічніших днів в історії оборони Маріуполя. Цього дня росіяни нанесли авіаудар по дитячій лікарні та пологовому будинку, розташованих у самому центрі міста, повідомивши, що там базувалися українські військові, але це було неправдою.",0903_hospital.mp4,,Наслідки удару по пологовому будинку в Маріуполі,"47.09647, 37.53479",,,,,"47.11, 37.57",12,
2022-03-09,war,"""ДНРівці"" в оточенні поблизу ""Східного""","З Калинівки до заводу «Сателіт» продовжує рухатись ворожа піхота та бронетехніка (у тому числі - танки) ворога. 
Того дня зрадник Олександр Ходаковський, що воює на боці ДНР з 2014 року повідомив, що російській 11 Гв. ОСМП «вдалося зачепитись за мікрорайон Східний». Азовці дійсно впустили групу в район забудови групу ворога, яка йшла з захопленого раніше заводу «Сателіт» і відрізали її. Днр-вці залишались в оточенні більше тижня. І це був не мікрорайон Східний, а багатоповерхівки, розташовані значно далі на північний захід.",,05march.jpg ,,"47.128371, 37.673513","Приватний сектор поблизу мікрорайону ""Східний"", де ""АЗОВці"" взяли в оточення ДНР-івців",districts.geojson,,,"47.11, 37.57",12,
2022-03-11,war,Ворог атакує з заходу,"Ворожі танки з’явилися на західних межах міста. Вони вже не рухалися колонами, а шукали слабкі місця в обороні і знищували позиції захисників на відстані, не наближаючись до блокпостів. Так відбулося і поблизу блокпосту біля «Metro», який росіяни просто обійшли, і південніше, де танки обстрілювали забудову на вулиці Купріна. 

",,,,"47.127117, 37.489462",Блокпост ,11_03_poly.geojson,,11_03_points.geojson,"47.127117, 37.489462",14,
2022-03-11,,Поворот на Старий Крим,"«Блокпост, який контролював трасу на Нікольське і поворот на Старий Крим, охоронявся приблизно сотнею бійців, – розповідає боєць 107 бригади тероборони про бій, що відбувся 11 березня. – Більшість були нацгвардійцями. О шостій ранку ми втрьох заступили на чергування по блокпосту, чергували ми по дві години через чотири.
",,,,,,,,,,,
,,Окопи і бетонні блоки біля перехрестя," ""Я був старшим групи, одного бійця відправив на лівий фланг, де, за бетоним парканом вздовж дороги, був невеличкий пагорб, з якого проглядалося поле поміж Нікольским шосе та «Metro». Другого залишив у центрі позиції спостерігати за трасою, а сам пішов на правий - спостерігати за приватним сектором. На той момент від блокпосту після танкового обстрілу залишалося лише пара бетонних блоків, складені один на одний посеред дороги та кілька уламків поруч. Біля перехрестя, звідки дорога вела на Старий Крим, нацгвардійці вирили окоп"".",,,,,точка метро ,,,,,,
2022-03-11,,"Фугас, акумулятор, АК, гранати й ""мухи""","З озброєння в нас було три АК и три «мухи» (РПГ-18). Плюс пара гранат, рація, тепловізор і, головне, - заритий в землю далі по трасі 150-кілограмовий фугас, від якого до нас тягнувся шнур із оголеними кінцями. У випадку наближення танка треба було з`єднати кінці шнура з клемами автомобільного акумулятора. Температура вночі падала, заряд також. Тому електроімпульсу могло не вистачити для підриву. Зберігати акумулятор у теплі не можна було, бо у випадку атаки часу бігти за ним за 100 метрів у нас точно не було б, тому його тримали біля шнура. ",,,,"47.127117, 37.489463",блокпост,,,,,,
2022-03-11,,Ранкова атака,"Близько 7-ї ранку, у передсвітанкових сутінках я побачив у бінокль щось незрозуміле на трасі. Викликав по рації базу, повідомив, що бачу на трасі «коробку», спитав дозволу на підрив. Дроти вже тримав над клемами. По рації запитали, чи рухається танк. Я відповів, що ні, мені сказали зачекати. Через секунду з’явився один з командирів – азовець із позивним «Єгєрь».

Він довго розглядав це “щось” у бінокль, сказав не підривати: «Надто далеко, не зачепить». О восьмій ранку нас змінили. І тут почалась атака. 
Росіяни продавали вогнем позиції морпіхів на Metro і танки пішли полем вздовж траси лівіше блокпосту українців.",,,,,Метро,,,,,,
2022-03-11,war,Російські танки обійшли блокпост,"

-- Бронетехніка пройшла повз нас у бік міста, ми рили окопи вздовж дороги, очікуючи на піхотну атаку, -- пригадує один з оборонців. -- Копали приблизно з дев’ятої ранку до дванадцятої. Але атаки не було. На повітряні тривоги уваги майже не звертали. Всі були розгублені та пригнічені. ",,,,"47.127117, 37.489463",блокпост,11_03_poly.geojson,,11_03_points.geojson,"47.11, 37.57",12,
2022-03-11,,Відступ до школи №67,"Азовець із позивним “Фізрук”, кричав, показуючи на нас: «Бл@дь, ці ж потім також розповідатимуть, що воювали!» Потім з’явився інший азовець з позивним “Каспер”. Я спитав: «Шо там?» Він відповів: «Нам п@зда». 

“Єгєрь” та “Фізрук” наказали нам відходити, роззосередившись, до 67-ї школи. Вони залишились на блокпосту. З сотні наших місцевість знали тільки я і ще один хлопець.",,,,,школа 67,,,,,,
2022-03-11,war,Кругова оборона ,"Бійці відходили з блокпосту до школи №67 групою приблизно у 30 осіб. Їх ніхто не переслідував. Лише з боку Старого Криму кілька разів прилітала неприцільна стрілкотня. 
У школі вже палав верхній поверх. На єдиному вцілілому бусику звідти евакуйовували жінок і поранених. 

-- Ми зайняли кругову оборону, -- згадує один з бійців. - Хтось прокричав, що зараз підходитиме ще одна наша група із пораненими. Через кілька хвилин у двір заїхав БТР і почав розстрілювати школу з автоматичної гармати. Можливо, був ще один БТР, який бив по нас з боку бульвара Шевченка. Обстріл був коротким, але спровокував серйозну пожежу і задимлення, нам довелося вибігти назовні. 

",,,,,,11_03_poly.geojson,,11_03_points.geojson,"47.11, 37.57",12,
2022-03-11,war,Відступ в бік 21-го мікрорайону,"БТР вже поїхав, хтось сказав, що треба відступати в бік центру, командирів не було. 
Наші дві машини вціліли і стояли поруч, але мені здалося надто ризикованим їхати на авто містом, по якому їздять БТРи ворога.
Ми пішли в бік 21-го мікрорайону, хтось вирушив до 64-ї школи, де також базувались наші сили. Повз нас пройшла група морпіхів із NLAW…»",,,,,,,,,,,
2022-03-11,war,,"Ще одну історію, що бої, які точилися в Маріуполі 11-12 березня, розповів розвідник Руслан Пустовойт. Він зі своєю групою не підпорядковувався жодному маріупольських підрозділів на момент початку війни і приєднався до знайомих бійців з 73-го морського центру проведення спеціальних операцій. 

– За нами закріпили відрізок від проспекту Миру до обласної лікарні, -- розповідає він У моїй групі було 10-11 бійців із автоматами та кількома РПГ. До речі, велика кількість морських мін на околицях міста – це результат роботи 73-го центру. В нас не було єдиної думки щодо їх застосування. Коли я наполягав на негайному підриві усіх мостів, керівництво вважало, що з цим варто зачекати.
А потім підірвати їх під щільними артобстрілами вже було неможливо.
",,,,,,11_03_poly.geojson,,11_03_points.geojson,"47.11, 37.57",12,
,,Танк розстрілює багатоповерхівки на Купріна,"11 березня нас, двох піхотинців, біля багатоповерхівок на вулиці Купріна, з поля помітив танк. І відстріляв по нас близько сорока снарядів. 
Танк перезаряджався, повертався і знову розстрілював ці нещасні багатоповерхівки на Купріна. Хоча звідти навіть ніхто не стріляв у відповідь. Головною силою в тому районі була штатна група 73 МЦПСО, яка була на передньому краї. Ми ж мали при необхідності підтримувати тих, хто був у другій лінії. ",,,,"47.10314, 37.50846",Багатоповерхівки на обстріляній з танків вулиці Купріна,,,,,,
2022-03-11,war,Атака на перехресті Купріна і Митрополитської,"12-го березня росіяни пішли у масовану атаку на цій ділянці – із танками, БТР-ми та піхотою. Українські бійці приїхали на перехрестя вулиці Купріна та Митрополитської. Там вже другий день поспіль їздили російські Т-72, які рандомно обстрілювали багатоповерхівки.

- Ми об’єднались з тими, хто вже стояв на позиціях (а там були молоді азовці, нацгвадійці та хтось з ДПСУ), - розповідає Пустовойт, - і почався бій. По російському Т-72, який під’їхав на перехрестя, почали палити з кількох точок, у тому числі – з багатоповерхівки. Танк вибухнув, башта відлетіла. В цей час молодий прикордонник знищив російський БТР-82А, але отримав смертельне поранення у груди. Його тіло потім евакуювали нацгвардійці. 
",,,,"47.10795, 37.50991",Перехрестя вулиць Купріна і Митрополитської,,,11_03_points.geojson,"47.11, 37.57",12,
2022-03-11,war,,"Згодом з’явився ще один БТР із десантом, який рухався у бік обласної лікарні. Володимир Малецький, боєць нашого підрозділу, вистрілив з РПГ у задню частину цього БТРа, російський десант розбігся по приватному сектору, і вже там наші хлопці їх добивали. Всі були на шаленому куражі, настрій був просто прекрасний».",,,,,,11_03_poly.geojson,,,,,
2022-03-12,civil,Авіаудари по центру міста ,12 березня авіаударами по центру міста знищено Будинок зв’язку – маріупольський головпоштамт. Пошкоджено велику кількість будинків навколо нього.,,,,"47.09766, 37.5386", Будинок зв'язку,,,,"47.11, 37.57",12,
2022-03-13,war,Ворожа техніка в тилу,"В глибокий тил українців зайшла колона російських БТР, “Тигрів” та Тайфунів 22-ї бригади спеціального призначення ГРУ (60-80 бійців). Поки тривають бої на околицях, російські спецназівці опиняються в ста метрах від комбінату «Азовсталь», фактично на березі ріки Кальміус, яка розподіляє місто на Правий та Лівий береги. Вони займають будинок на провулку Граверному, після чого їх накриває гаубичний вогонь артилерістів «АЗОВ».",,,,"47.114065, 37.615876","Провулок Граверний, куди прорвалася ворожа колона",,,,"47.11, 37.57",12,
2022-03-14,war,,"

На сході Маріуполя «міліція ДНР» крізь приватний сектор пробивається до багатоповерхівок лівобережжя в районі Собору архистратига Михаїла.
",,,,"47.098570, 37.659856

","Приватний сектор, де ворожий підрозділ пробивався до Лівобережного району",districts.geojson,,,"47.11, 37.57",12,
2022-03-14,war,"Обстріл багатоповерхівок в районі ""Епіцентра""","На заході в районі ""Епіцентру"", по вулиці Флотській та по вулиці Купріна просунутись окупантам не вдається, тому вони просто знищують тамтешні багатоповерхівки.",Флотська Сільпо Епіцентр.mp4,,,,,,,,,,
2022-03-15,civil,Перша евакуаційна колона,"У цей день з Маріуполя вдалось виїхати першій колоні автомобілів із цивільними - за приблизними підрахунками з пекла боїв врятувалось 20 000 осіб. На вулицях у центрі міста лежали загиблі, тіла не було кому забирати. 
Містяни поспішно вантажили речі у свої авто.",,,,,,,,,"47.11, 37.57",12,
2022-03-15,war,Штурм порту,"Почалися обстріли і штурм, ракетою вражено радіолокаційну станцію судна «Лубни», дрон б’є по броньованому катеру «Кременчук».  Особовий склад 9 ДнНК виїхав з порту до бази НГУ на вулиці Нахімова, де їх «приписали» до 12 БрОП (12 бригада оперативного призначення Нацгвардії України). Екіпаж «Донбасу» розкидали по позиціях в місті, а екіпажі катерів (10 осіб) повернулися в порт.

",,,,"47.055475, 37.505733",Маріупольський порт,,,port_points.geojson,"47.11, 37.57",12,
2022-03-15,war,"Керівник оборони порту ""загубився""","Як розповідав один з членів екіпажу пошуково-рятувального судна «Донбас», 24 лютого з 50 осіб екіпажу «Донбасу» залишилось приблизно 40. Інші десять «загубились» разом із капітаном судна Олександром Григоревським, який залишив місто. «Загубився» і Олексій Корецький, який відповідав за оборону порту. 

Окупанти, вочевидь, намагались зберегти порт цілим, але два тижні настільки потужної оборони міста дали зрозуміти, що воювати доведеться за кожен об’єкт. ",,ships.jpg,,,,port_poly.geojson,,,,,
2022-03-16,war,Авіаудар по маріупольському драмтеатру,"16 березня приблизно о 10 годині ранку російська авіація нанесла бомбовий удар по драмтеатру. Саме тут, в центрі міста, щодня збирались сотні цивільних, які могли обігрітись, отримати від волонтерів їжу і теплі речі, а також дізнатись про можливість евакуації. Один з працівників сцени зробив на площах з обох боків будівлі величезні написи «ДІТИ». За результатами розслідування, яке було проведено агенцією Associated Press, кількість загиблих орієнтовно складає біля 600 осіб. 
О 15.05 один з провідних телеграм-каналів окупантів повідомив, що полонений ""азовець"" начебто повідомив, ніби в драмтеатрі був знищений штаб «АЗОВУ», розташований там під прикриттям мирних мешканців. ",,,,,,,,,"47.11, 37.57",12,
2022-03-16,civil,"""Величезна хмара"" на місці драмтеатру","Свідком цих подій стала мешканка Маріуполя Наталя Козуб, яка на той час жила біля драмтеатру та намагалася передати звістку про себе синові з «АЗОВУ»:
- Ми вийшли з підвалу, у якому переховувались, і побачили на місці театру величезну білу хмару, з якої виходили та виповзали силуети абсолютно білих людей. Першою я побачила дівчину у кухарському фартусі. Вона розповіла, що працювала на кухні і в них було завдання приготувати 800 порцій. ",,,Маріупольський драмтеатр після російського авіаудару. Фото: 0629 та Reuters,"47.096178, 37.547929",,,,,"47.11, 37.57",12,
,civil,"""Сука, віддай пігулку. Я в тебе її з горла видеру""","Потім бачила ще одну дівчину з неприродньо вивернутою ногою. Вона вила від болю і просила про допомогу. Я побігла в стоматологічну клініку навпроти театру і знайшла там одну-єдину пігулку знеболюючого. Дівчина проковтнула пігулку, я збиралась вийти, але почула її розповідь: «Азовці поставили на крыше театра миномёт и начали стрелять, тут же прилетел российский самолёт и сбросил бомбу». Це була неправда, і я готова була її просто вбити. Намагаючись дотягнутись до неї, кричала: «Сука, віддай пігулку. Я в тебе її з горла видеру». 
Того дня  мені пощастило виїхати до Запоріжжя, де на мене чекав чоловік.",,1603_dram_2.jpg,,,,,,,,,